datetime,mood
2026-09-26T11:51:28.163454,Bra
2026-09-26T11:51:32.577987,Dåligt
2026-09-26T11:51:38.330025,Dåligt
2026-09-26T11:51:40.866298,Mycket bra
2026-09-26T11:51:44.153993,Okej
2026-09-26T17:34:19.037973,Bra
2026-09-26T17:34:20.365408,Bra
2026-09-26T17:34:20.788022,Bra
2026-09-26T17:34:21.027037,Bra
2026-09-26T17:34:21.250655,Bra
2026-09-26T17:34:21.659030,Bra
2026-09-26T17:34:21.882623,Bra
2026-09-26T17:34:22.082624,Bra
2026-09-26T17:34:22.298724,Bra
2026-09-26T17:34:22.499514,Bra
2026-09-26T17:34:23.635056,Bra
2026-09-26T17:34:23.899028,Bra
2026-09-26T17:34:24.323224,Bra
2026-09-26T17:34:24.595564,Bra
2026-09-26T17:34:25.388567,Bra
2026-09-26T17:34:25.803124,Bra
2026-09-26T17:34:26.035472,Bra
2026-09-26T17:34:26.275196,Bra
